ELECTION,ELECTION,ELECTION,OFFICE TYPE,OFFICE,US CONGRESS,STATE SENATE,STATE ASSEMBLY,COURT OF APPEALS,COUNTY,COUNTY,MUNICIPALITY,MUNICIPALITY,MUNICIPALITY,HINDI,ORDER,REPORTING UNIT,Jay N. Conley,Vance M. Waggoner,Edward Burke,Scattering ,,
DATE,TYPE,SUBTYPE,KEYWORD,NAME,DISTRICT,DISTRICT,DISTRICT,DISTRICT,NUMBER,NAME,TYPE,NUMBER,NAME,NUMBER,NUMBER,NAME,Non-Partisan,Non-Partisan,Non-Partisan,,,
16-Feb-10,SPRING,PRIMARY,CIRCUIT,"Oconto County Circuit Court, Branch 2",8,2,6,3,43,Oconto,Town,2,Abrams,43002,2,Wards 1 - 4,66,14,8,0,,
16-Feb-10,SPRING,PRIMARY,CIRCUIT,"Oconto County Circuit Court, Branch 2",8,2,6,3,43,Oconto,Town,6,Bagley,43006,2,,16,6,11,0,,
16-Feb-10,SPRING,PRIMARY,CIRCUIT,"Oconto County Circuit Court, Branch 2",8,2,6,3,43,Oconto,Town,8,Brazeau,43008,2,Wards 1 - 3,38,15,10,0,,
16-Feb-10,SPRING,PRIMARY,CIRCUIT,"Oconto County Circuit Court, Branch 2",8,2,6,3,43,Oconto,Town,10,Breed,43010,2,,20,9,16,0,,
16-Feb-10,SPRING,PRIMARY,CIRCUIT,"Oconto County Circuit Court, Branch 2",8,30,89,3,43,Oconto,Town,12,Chase,43012,2,Wards 1 - 4,24,7,17,0,,
16-Feb-10,SPRING,PRIMARY,CIRCUIT,"Oconto County Circuit Court, Branch 2",8,12,36,3,43,Oconto,Town,14,Doty,43014,4,Wards 1 & 2,5,7,11,0,,
16-Feb-10,SPRING,PRIMARY,CIRCUIT,"Oconto County Circuit Court, Branch 2",8,2,6,3,43,Oconto,Town,16,Gillett,43016,2,Wards 1 & 2,91,36,29,0,,
16-Feb-10,SPRING,PRIMARY,CIRCUIT,"Oconto County Circuit Court, Branch 2",8,2,6,3,43,Oconto,Town,18,How,43018,4,Wards 1 - 3,15,16,6,0,,
16-Feb-10,SPRING,PRIMARY,CIRCUIT,"Oconto County Circuit Court, Branch 2",8,12,36,3,43,Oconto,Town,19,Lakewood,43019,2,,20,10,18,0,,
16-Feb-10,SPRING,PRIMARY,CIRCUIT,"Oconto County Circuit Court, Branch 2",8,30,89,3,43,Oconto,Town,20,Lena,43020,2,Wards 1 & 2,24,7,19,0,,
16-Feb-10,SPRING,PRIMARY,CIRCUIT,"Oconto County Circuit Court, Branch 2",8,30,89,3,43,Oconto,Town,22,Little River,43022,2,Wards 1 & 2,48,31,28,0,,
16-Feb-10,SPRING,PRIMARY,CIRCUIT,"Oconto County Circuit Court, Branch 2",8,30,89,3,43,Oconto,Town,24,Little Suamico,43024,4,Wards 1 - 7,68,11,18,0,,
16-Feb-10,SPRING,PRIMARY,CIRCUIT,"Oconto County Circuit Court, Branch 2",8,2,6,3,43,Oconto,Town,26,Maple Valley,43026,2,Wards 1 & 2,30,14,14,0,,
16-Feb-10,SPRING,PRIMARY,CIRCUIT,"Oconto County Circuit Court, Branch 2",8,2,6,3,43,Oconto,Town,28,Morgan,43028,2,,50,9,9,0,,
16-Feb-10,SPRING,PRIMARY,CIRCUIT,"Oconto County Circuit Court, Branch 2",8,12,36,3,43,Oconto,Town,29,Mountain,43029,2,Wards 1 & 2,28,14,11,0,,
16-Feb-10,SPRING,PRIMARY,CIRCUIT,"Oconto County Circuit Court, Branch 2",8,30,89,3,43,Oconto,Town,30,Oconto,43030,2,Wards 1 - 3,77,21,59,0,,
16-Feb-10,SPRING,PRIMARY,CIRCUIT,"Oconto County Circuit Court, Branch 2",8,2,6,3,43,Oconto,Town,32,Oconto Falls,43032,2,Wards 1 & 2,60,30,9,0,,
16-Feb-10,SPRING,PRIMARY,CIRCUIT,"Oconto County Circuit Court, Branch 2",8,30,89,3,43,Oconto,Town,34,Pensaukee,43034,2,Wards 1 - 3,30,23,40,0,,
16-Feb-10,SPRING,PRIMARY,CIRCUIT,"Oconto County Circuit Court, Branch 2",8,12,36,3,43,Oconto,Town,36,Riverview,43036,4,Wards 1 & 2,29,17,5,0,,
16-Feb-10,SPRING,PRIMARY,CIRCUIT,"Oconto County Circuit Court, Branch 2",8,2,6,3,43,Oconto,Town,38,Spruce,43038,2,Wards 1 & 2,28,20,14,0,,
16-Feb-10,SPRING,PRIMARY,CIRCUIT,"Oconto County Circuit Court, Branch 2",8,30,89,3,43,Oconto,Town,40,Stiles,43040,2,Wards 1 - 3,42,19,12,0,,
16-Feb-10,SPRING,PRIMARY,CIRCUIT,"Oconto County Circuit Court, Branch 2",8,12,36,3,43,Oconto,Town,42,Townsend,43042,2,,24,12,16,0,,
16-Feb-10,SPRING,PRIMARY,CIRCUIT,"Oconto County Circuit Court, Branch 2",8,2,6,3,43,Oconto,Town,44,Underhill,43044,2,,34,23,15,0,,
16-Feb-10,SPRING,PRIMARY,CIRCUIT,"Oconto County Circuit Court, Branch 2",8,30,89,3,43,Oconto,Village,146,Lena,43146,2,,24,8,24,0,,
16-Feb-10,SPRING,PRIMARY,CIRCUIT,"Oconto County Circuit Court, Branch 2",8,30,89,3,43,Oconto,Village,171,Pulaski,43171,2,Ward 5,0,0,0,0,,
16-Feb-10,SPRING,PRIMARY,CIRCUIT,"Oconto County Circuit Court, Branch 2",8,2,6,3,43,Oconto,Village,181,Suring,43181,2,,31,14,13,0,,
16-Feb-10,SPRING,PRIMARY,CIRCUIT,"Oconto County Circuit Court, Branch 2",8,2,6,3,43,Oconto,City,231,Gillett,43231,4,Wards 1 - 4,113,73,37,0,,
16-Feb-10,SPRING,PRIMARY,CIRCUIT,"Oconto County Circuit Court, Branch 2",8,30,89,3,43,Oconto,City,265,Oconto,43265,12,Wards 1 - 8,297,122,339,0,,
16-Feb-10,SPRING,PRIMARY,CIRCUIT,"Oconto County Circuit Court, Branch 2",8,2,6,3,43,Oconto,City,266,Oconto Falls,43266,4,Wards 1 - 5,176,40,22,0,,
 , , , , , , , , , , , , , , , ,TOTAL,1508,628,830,0,,
ELECTION,ELECTION,ELECTION,OFFICE TYPE,OFFICE,US CONGRESS,STATE SENATE,STATE ASSEMBLY,COURT OF APPEALS,COUNTY,COUNTY,MUNICIPALITY,MUNICIPALITY,MUNICIPALITY,HINDI,ORDER,REPORTING UNIT,John M. O'Boyle,Robert L. Loberg,Joe Boles,Scattering ,,
DATE,TYPE,SUBTYPE,KEYWORD,NAME,DISTRICT,DISTRICT,DISTRICT,DISTRICT,NUMBER,NAME,TYPE,NUMBER,NAME,NUMBER,NUMBER,NAME,Non-Partisan,Non-Partisan,Non-Partisan,,,
16-Feb-10,SPRING,PRIMARY,CIRCUIT,Pierce County Circuit Court,3,10,30,3,48,Pierce,Town,2,Clifton,48002,2,Wards 1 & 2,13,61,113,0,,
16-Feb-10,SPRING,PRIMARY,CIRCUIT,Pierce County Circuit Court,3,10,30,3,48,Pierce,Town,4,Diamond Bluff,48004,2,,6,23,33,0,,
16-Feb-10,SPRING,PRIMARY,CIRCUIT,Pierce County Circuit Court,3,31,91,3,48,Pierce,Town,6,Ellsworth,48006,2,Wards 1 & 2,15,117,102,0,,
16-Feb-10,SPRING,PRIMARY,CIRCUIT,Pierce County Circuit Court,3,31,91,3,48,Pierce,Town,8,El Paso,48008,2,Wards 1 & 2,10,65,43,0,,
16-Feb-10,SPRING,PRIMARY,CIRCUIT,Pierce County Circuit Court,3,10,29,3,48,Pierce,Town,10,Gilman,48010,2,,7,32,42,0,,
16-Feb-10,SPRING,PRIMARY,CIRCUIT,Pierce County Circuit Court,3,31,91,3,48,Pierce,Town,12,Hartland,48012,2,,3,58,39,0,,
16-Feb-10,SPRING,PRIMARY,CIRCUIT,Pierce County Circuit Court,3,31,91,3,48,Pierce,Town,14,Isabelle,48014,2,,2,17,5,0,,
16-Feb-10,SPRING,PRIMARY,CIRCUIT,Pierce County Circuit Court,3,31,91,3,48,Pierce,Town,16,Maiden Rock,48016,2,,1,35,17,0,,
16-Feb-10,SPRING,PRIMARY,CIRCUIT,Pierce County Circuit Court,3,31,91,3,48,Pierce,Town,18,Martell,48018,2,Wards 1 & 2,7,63,76,0,,
16-Feb-10,SPRING,PRIMARY,CIRCUIT,Pierce County Circuit Court,3,10,30,3,48,Pierce,Town,20,Oak Grove,48020,2,Wards 1 & 2,6,62,64,0,,
16-Feb-10,SPRING,PRIMARY,CIRCUIT,Pierce County Circuit Court,3,10,30,3,48,Pierce,Town,22,River Falls,48022,2,Wards 1 - 3,28,89,234,0,,
16-Feb-10,SPRING,PRIMARY,CIRCUIT,Pierce County Circuit Court,3,31,93,3,48,Pierce,Town,24,Rock Elm,48024,2,,11,27,17,0,,
16-Feb-10,SPRING,PRIMARY,CIRCUIT,Pierce County Circuit Court,3,31,91,3,48,Pierce,Town,26,Salem,48026,2,Wards 1 & 2,6,28,39,0,,
16-Feb-10,SPRING,PRIMARY,CIRCUIT,Pierce County Circuit Court,3,10,29,3,48,Pierce,Town,28,Spring Lake,48028,2,Wards 1 & 2,4,20,17,0,,
16-Feb-10,SPRING,PRIMARY,CIRCUIT,Pierce County Circuit Court,3,10,30,3,48,Pierce,Town,30,Trenton,48030,2,Wards 1 & 2,17,60,64,0,,
16-Feb-10,SPRING,PRIMARY,CIRCUIT,Pierce County Circuit Court,3,10,30,3,48,Pierce,Town,32,Trimbelle,48032,2,Wards 1 & 2,14,145,95,0,,
16-Feb-10,SPRING,PRIMARY,CIRCUIT,Pierce County Circuit Court,3,31,91,3,48,Pierce,Town,34,Union,48034,2,,1,32,15,0,,
16-Feb-10,SPRING,PRIMARY,CIRCUIT,Pierce County Circuit Court,3,31,91,3,48,Pierce,Village,106,Bay City,48106,2,,4,30,11,0,,
16-Feb-10,SPRING,PRIMARY,CIRCUIT,Pierce County Circuit Court,3,10,30,3,48,Pierce,Village,121,Ellsworth,48121,2,Wards 1 - 4,28,323,174,0,,
16-Feb-10,SPRING,PRIMARY,CIRCUIT,Pierce County Circuit Court,3,10,29,3,48,Pierce,Village,122,Elmwood,48122,2,,5,45,48,0,,
16-Feb-10,SPRING,PRIMARY,CIRCUIT,Pierce County Circuit Court,3,31,91,3,48,Pierce,Village,151,Maiden Rock,48151,2,,7,14,8,0,,
16-Feb-10,SPRING,PRIMARY,CIRCUIT,Pierce County Circuit Court,3,31,91,3,48,Pierce,Village,171,Plum City,48171,2,,6,56,13,0,,
16-Feb-10,SPRING,PRIMARY,CIRCUIT,Pierce County Circuit Court,3,10,29,3,48,Pierce,Village,181,Spring Valley,48181,2,Wards 1 & 2,4,44,36,0,,
16-Feb-10,SPRING,PRIMARY,CIRCUIT,Pierce County Circuit Court,3,10,30,3,48,Pierce,City,271,Prescott,48271,2,Wards 1 - 4,20,207,85,0,,
16-Feb-10,SPRING,PRIMARY,CIRCUIT,Pierce County Circuit Court,3,10,30,3,48,Pierce,City,276,River Falls,48276,5,Wards 3 & 4,3,16,124,0,,
16-Feb-10,SPRING,PRIMARY,CIRCUIT,Pierce County Circuit Court,3,10,30,3,48,Pierce,City,276,River Falls,48276,6,Wards 5 - 7,21,41,253,0,,
16-Feb-10,SPRING,PRIMARY,CIRCUIT,Pierce County Circuit Court,3,10,30,3,48,Pierce,City,276,River Falls,48276,7,Wards 8 - 10,5,14,63,0,,
16-Feb-10,SPRING,PRIMARY,CIRCUIT,Pierce County Circuit Court,3,10,30,3,48,Pierce,City,276,River Falls,48276,8,Wards 11 & 12,28,35,196,1,,
 , , , , , , , , , , , , , , , ,TOTAL,282,1759,2026,1,,
ELECTION,ELECTION,ELECTION,OFFICE TYPE,OFFICE,US CONGRESS,STATE SENATE,STATE ASSEMBLY,COURT OF APPEALS,COUNTY,COUNTY,MUNICIPALITY,MUNICIPALITY,MUNICIPALITY,HINDI,ORDER,REPORTING UNIT,David M. Reddy,F. Mark Bromley,Scott Letteney,David A. Danz,Scattering ,
DATE,TYPE,SUBTYPE,KEYWORD,NAME,DISTRICT,DISTRICT,DISTRICT,DISTRICT,NUMBER,NAME,TYPE,NUMBER,NAME,NUMBER,NUMBER,NAME,Non-Partisan,Non-Partisan,Non-Partisan,Non-Partisan,,
16-Feb-10,SPRING,PRIMARY,CIRCUIT,"Walworth County Circuit Court, Branch 4",1,11,32,2,65,Walworth,Town,2,Bloomfield,65002,2,Wards 1 - 7,31,14,7,38,1,
16-Feb-10,SPRING,PRIMARY,CIRCUIT,"Walworth County Circuit Court, Branch 4",1,11,32,2,65,Walworth,Town,4,Darien,65004,2,Wards 1 - 6,63,14,5,22,0,
16-Feb-10,SPRING,PRIMARY,CIRCUIT,"Walworth County Circuit Court, Branch 4",1,11,31,2,65,Walworth,Town,6,Delavan,65006,3,Wards 1 - 7,183,65,18,90,0,
16-Feb-10,SPRING,PRIMARY,CIRCUIT,"Walworth County Circuit Court, Branch 4",1,28,83,2,65,Walworth,Town,8,East Troy,65008,3,Wards 1 - 7,31,38,13,40,0,
16-Feb-10,SPRING,PRIMARY,CIRCUIT,"Walworth County Circuit Court, Branch 4",1,11,32,2,65,Walworth,Town,10,Geneva,65010,3,Wards 1 - 8,69,69,168,86,3,
16-Feb-10,SPRING,PRIMARY,CIRCUIT,"Walworth County Circuit Court, Branch 4",1,11,31,2,65,Walworth,Town,12,Lafayette,65012,1,Wards 1 - 4,49,24,5,47,0,
16-Feb-10,SPRING,PRIMARY,CIRCUIT,"Walworth County Circuit Court, Branch 4",1,11,31,2,65,Walworth,Town,14,La Grange,65014,2,Wards 1 - 3,21,118,12,31,0,
16-Feb-10,SPRING,PRIMARY,CIRCUIT,"Walworth County Circuit Court, Branch 4",1,11,32,2,65,Walworth,Town,16,Linn,65016,1,"Wards 1, 2 & 4",17,17,4,24,0,
16-Feb-10,SPRING,PRIMARY,CIRCUIT,"Walworth County Circuit Court, Branch 4",1,11,32,2,65,Walworth,Town,16,Linn,65016,2,Wards 3 & 5,8,6,6,8,0,
16-Feb-10,SPRING,PRIMARY,CIRCUIT,"Walworth County Circuit Court, Branch 4",1,11,32,2,65,Walworth,Town,18,Lyons,65018,2,Wards 1 - 6,32,29,13,45,1,
16-Feb-10,SPRING,PRIMARY,CIRCUIT,"Walworth County Circuit Court, Branch 4",1,15,45,2,65,Walworth,Town,20,Richmond,65020,1,Wards 1 - 3,23,29,5,27,0,
16-Feb-10,SPRING,PRIMARY,CIRCUIT,"Walworth County Circuit Court, Branch 4",1,11,32,2,65,Walworth,Town,22,Sharon,65022,2,,9,14,1,7,0,
16-Feb-10,SPRING,PRIMARY,CIRCUIT,"Walworth County Circuit Court, Branch 4",1,11,31,2,65,Walworth,Town,24,Spring Prairie,65024,2,Wards 1 - 4,23,40,5,45,0,
16-Feb-10,SPRING,PRIMARY,CIRCUIT,"Walworth County Circuit Court, Branch 4",1,11,31,2,65,Walworth,Town,26,Sugar Creek,65026,2,Wards 1 - 5,71,112,9,56,0,
16-Feb-10,SPRING,PRIMARY,CIRCUIT,"Walworth County Circuit Court, Branch 4",1,11,31,2,65,Walworth,Town,28,Troy,65028,1,Wards 1 - 3,28,40,21,29,1,
16-Feb-10,SPRING,PRIMARY,CIRCUIT,"Walworth County Circuit Court, Branch 4",1,11,32,2,65,Walworth,Town,30,Walworth,65030,2,Wards 1 - 4,29,15,11,22,0,
16-Feb-10,SPRING,PRIMARY,CIRCUIT,"Walworth County Circuit Court, Branch 4",1,15,43,2,65,Walworth,Town,32,Whitewater,65032,2,Wards 1 - 4,13,41,6,23,0,
16-Feb-10,SPRING,PRIMARY,CIRCUIT,"Walworth County Circuit Court, Branch 4",1,11,32,2,65,Walworth,Village,116,Darien,65116,1,Wards 1 & 2,34,4,0,47,0,
16-Feb-10,SPRING,PRIMARY,CIRCUIT,"Walworth County Circuit Court, Branch 4",1,28,83,2,65,Walworth,Village,121,East Troy,65121,4,Wards 1 - 7,26,35,7,58,0,
16-Feb-10,SPRING,PRIMARY,CIRCUIT,"Walworth County Circuit Court, Branch 4",1,11,32,2,65,Walworth,Village,126,Fontana,65126,3,Wards 1 - 5,24,17,26,36,0,
16-Feb-10,SPRING,PRIMARY,CIRCUIT,"Walworth County Circuit Court, Branch 4",1,11,32,2,65,Walworth,Village,131,Genoa City,65131,2,Wards 1 - 3,7,6,10,21,0,
16-Feb-10,SPRING,PRIMARY,CIRCUIT,"Walworth County Circuit Court, Branch 4",1,28,83,2,65,Walworth,Village,153,Mukwonago,65153,3,Ward 9,0,2,0,0,0,
16-Feb-10,SPRING,PRIMARY,CIRCUIT,"Walworth County Circuit Court, Branch 4",1,11,32,2,65,Walworth,Village,181,Sharon,65181,1,Wards 1 & 2,7,3,5,29,1,
16-Feb-10,SPRING,PRIMARY,CIRCUIT,"Walworth County Circuit Court, Branch 4",1,11,32,2,65,Walworth,Village,191,Walworth,65191,1,Wards 1 - 3,36,23,13,37,0,
16-Feb-10,SPRING,PRIMARY,CIRCUIT,"Walworth County Circuit Court, Branch 4",1,11,32,2,65,Walworth,Village,192,Williams Bay,65192,1,Wards 1 - 4,48,31,14,55,1,
16-Feb-10,SPRING,PRIMARY,CIRCUIT,"Walworth County Circuit Court, Branch 4",1,22,66,2,65,Walworth,City,206,Burlington,65206,2,Ward 17,0,0,0,0,0,
16-Feb-10,SPRING,PRIMARY,CIRCUIT,"Walworth County Circuit Court, Branch 4",1,11,32,2,65,Walworth,City,216,Delavan,65216,7,Wards 1 - 13,458,98,36,215,2,
16-Feb-10,SPRING,PRIMARY,CIRCUIT,"Walworth County Circuit Court, Branch 4",1,11,31,2,65,Walworth,City,221,Elkhorn,65221,8,Wards 1 - 18,306,143,39,245,2,
16-Feb-10,SPRING,PRIMARY,CIRCUIT,"Walworth County Circuit Court, Branch 4",1,11,32,2,65,Walworth,City,246,Lake Geneva,65246,15,"Wards 1, 2, 12, 18 & 26",50,80,28,102,0,
16-Feb-10,SPRING,PRIMARY,CIRCUIT,"Walworth County Circuit Court, Branch 4",1,11,32,2,65,Walworth,City,246,Lake Geneva,65246,16,"Wards 3, 4, 11, 16 & 24",31,37,19,79,1,
16-Feb-10,SPRING,PRIMARY,CIRCUIT,"Walworth County Circuit Court, Branch 4",1,11,32,2,65,Walworth,City,246,Lake Geneva,65246,17,"Wards 5, 6, 9, 10, 13, 14, 17, 19 - 23 & 25",47,59,30,109,1,
16-Feb-10,SPRING,PRIMARY,CIRCUIT,"Walworth County Circuit Court, Branch 4",1,11,32,2,65,Walworth,City,246,Lake Geneva,65246,18,"Wards 7, 8 & 15",93,56,33,103,1,
16-Feb-10,SPRING,PRIMARY,CIRCUIT,"Walworth County Circuit Court, Branch 4",1,15,43,2,65,Walworth,City,291,Whitewater,65291,11,"Wards 1 - 6, 12, 13, 16 - 19",84,250,10,67,1,
16-Feb-10,SPRING,PRIMARY,CIRCUIT,"Walworth County Circuit Court, Branch 4",2,15,43,2,65,Walworth,City,291,Whitewater,65291,12,Wards 7 & 8,0,9,2,0,0,
 , , , , , , , , , , , , , , , ,TOTAL,1951,1538,581,1843,16,
ELECTION,ELECTION,ELECTION,OFFICE TYPE,OFFICE,US CONGRESS,STATE SENATE,STATE ASSEMBLY,COURT OF APPEALS,COUNTY,COUNTY,MUNICIPALITY,MUNICIPALITY,MUNICIPALITY,HINDI,ORDER,REPORTING UNIT,David W. Keck,John Jorgensen,Caroline A. Carver,Edmund J. Jelinski,Mark Richard Fremgen,Scattering 
DATE,TYPE,SUBTYPE,KEYWORD,NAME,DISTRICT,DISTRICT,DISTRICT,DISTRICT,NUMBER,NAME,TYPE,NUMBER,NAME,NUMBER,NUMBER,NAME,Non-Partisan,Non-Partisan,Non-Partisan,Non-Partisan,Non-Partisan,
16-Feb-10,SPRING,PRIMARY,CIRCUIT,"Winnebago County Circuit Court, Branch 5",6,18,53,2,71,Winnebago,Town,2,Algoma,71002,3,Wards 1 - 10 & 12,66,305,101,97,159,0
16-Feb-10,SPRING,PRIMARY,CIRCUIT,"Winnebago County Circuit Court, Branch 5",6,18,53,2,71,Winnebago,Town,4,Black Wolf,71004,1,Wards 1 - 3,37,64,24,24,35,0
16-Feb-10,SPRING,PRIMARY,CIRCUIT,"Winnebago County Circuit Court, Branch 5",6,19,56,2,71,Winnebago,Town,6,Clayton,71006,2,Wards 1 - 4,3,65,26,100,31,0
16-Feb-10,SPRING,PRIMARY,CIRCUIT,"Winnebago County Circuit Court, Branch 5",6,19,55,2,71,Winnebago,Town,8,Menasha,71008,12,"Wards 1, 5 & 6",7,52,12,50,15,0
16-Feb-10,SPRING,PRIMARY,CIRCUIT,"Winnebago County Circuit Court, Branch 5",6,19,55,2,71,Winnebago,Town,8,Menasha,71008,13,Wards 2 - 4,8,56,10,63,9,0
16-Feb-10,SPRING,PRIMARY,CIRCUIT,"Winnebago County Circuit Court, Branch 5",6,19,55,2,71,Winnebago,Town,8,Menasha,71008,14,"Wards 7, 8, 10 & 13",6,25,10,49,10,0
16-Feb-10,SPRING,PRIMARY,CIRCUIT,"Winnebago County Circuit Court, Branch 5",6,19,55,2,71,Winnebago,Town,8,Menasha,71008,15,"Wards 9, 11 & 12",5,16,11,17,2,0
16-Feb-10,SPRING,PRIMARY,CIRCUIT,"Winnebago County Circuit Court, Branch 5",6,19,56,2,71,Winnebago,Town,10,Neenah,71010,1,Wards 1 - 5,10,42,17,73,11,0
16-Feb-10,SPRING,PRIMARY,CIRCUIT,"Winnebago County Circuit Court, Branch 5",6,18,53,2,71,Winnebago,Town,12,Nekimi,71012,2,Wards 1 & 2,8,50,9,21,8,0
16-Feb-10,SPRING,PRIMARY,CIRCUIT,"Winnebago County Circuit Court, Branch 5",6,18,53,2,71,Winnebago,Town,14,Nepeuskun,71014,1,,0,19,7,3,10,0
16-Feb-10,SPRING,PRIMARY,CIRCUIT,"Winnebago County Circuit Court, Branch 5",6,18,53,2,71,Winnebago,Town,16,Omro,71016,1,Wards 1 - 3,9,49,11,18,5,0
16-Feb-10,SPRING,PRIMARY,CIRCUIT,"Winnebago County Circuit Court, Branch 5",6,18,53,2,71,Winnebago,Town,18,Oshkosh,71018,2,Wards 1 - 6,23,59,28,39,29,0
16-Feb-10,SPRING,PRIMARY,CIRCUIT,"Winnebago County Circuit Court, Branch 5",6,19,56,2,71,Winnebago,Town,20,Poygan,71020,1,Wards 1 & 2,3,32,14,8,8,0
16-Feb-10,SPRING,PRIMARY,CIRCUIT,"Winnebago County Circuit Court, Branch 5",6,18,53,2,71,Winnebago,Town,22,Rushford,71022,1,Wards 1 & 2,4,41,5,8,9,0
16-Feb-10,SPRING,PRIMARY,CIRCUIT,"Winnebago County Circuit Court, Branch 5",6,18,53,2,71,Winnebago,Town,24,Utica,71024,1,Wards 1 & 2,6,46,18,19,8,0
16-Feb-10,SPRING,PRIMARY,CIRCUIT,"Winnebago County Circuit Court, Branch 5",6,19,56,2,71,Winnebago,Town,26,Vinland,71026,1,Wards 1 - 3,11,37,16,32,6,0
16-Feb-10,SPRING,PRIMARY,CIRCUIT,"Winnebago County Circuit Court, Branch 5",6,19,56,2,71,Winnebago,Town,28,Winchester,71028,1,Wards 1 & 2,8,39,22,23,14,0
16-Feb-10,SPRING,PRIMARY,CIRCUIT,"Winnebago County Circuit Court, Branch 5",6,19,56,2,71,Winnebago,Town,30,Winneconne,71030,3,Wards 1 - 3,12,54,25,34,27,0
16-Feb-10,SPRING,PRIMARY,CIRCUIT,"Winnebago County Circuit Court, Branch 5",6,19,56,2,71,Winnebago,Town,32,Wolf River,71032,1,Wards 1 & 2,2,20,11,19,10,0
16-Feb-10,SPRING,PRIMARY,CIRCUIT,"Winnebago County Circuit Court, Branch 5",6,19,56,2,71,Winnebago,Village,191,Winneconne,71191,1,Wards 1 - 4,8,47,19,18,20,0
16-Feb-10,SPRING,PRIMARY,CIRCUIT,"Winnebago County Circuit Court, Branch 5",6,19,55,2,71,Winnebago,City,201,Appleton,71201,3,Ward 38,5,28,25,11,6,0
16-Feb-10,SPRING,PRIMARY,CIRCUIT,"Winnebago County Circuit Court, Branch 5",6,19,55,2,71,Winnebago,City,201,Appleton,71201,5,Ward 39,0,0,2,0,0,0
16-Feb-10,SPRING,PRIMARY,CIRCUIT,"Winnebago County Circuit Court, Branch 5",6,19,55,2,71,Winnebago,City,201,Appleton,71201,7,Ward 49,0,0,0,0,0,0
16-Feb-10,SPRING,PRIMARY,CIRCUIT,"Winnebago County Circuit Court, Branch 5",6,19,55,2,71,Winnebago,City,251,Menasha,71251,8,Wards 1 & 2,4,33,11,74,12,0
16-Feb-10,SPRING,PRIMARY,CIRCUIT,"Winnebago County Circuit Court, Branch 5",6,19,55,2,71,Winnebago,City,251,Menasha,71251,9,"Wards 3, 4, 7, 12 & 13",7,46,17,71,16,1
16-Feb-10,SPRING,PRIMARY,CIRCUIT,"Winnebago County Circuit Court, Branch 5",6,19,55,2,71,Winnebago,City,251,Menasha,71251,11,"Wards 5, 6 & 22",4,33,14,49,10,0
16-Feb-10,SPRING,PRIMARY,CIRCUIT,"Winnebago County Circuit Court, Branch 5",6,19,55,2,71,Winnebago,City,251,Menasha,71251,12,"Wards 8 - 10, 14 & 18",2,29,20,32,5,0
16-Feb-10,SPRING,PRIMARY,CIRCUIT,"Winnebago County Circuit Court, Branch 5",6,19,55,2,71,Winnebago,City,261,Neenah,71261,18,Wards 1 - 4,27,90,50,138,17,2
16-Feb-10,SPRING,PRIMARY,CIRCUIT,"Winnebago County Circuit Court, Branch 5",6,19,55,2,71,Winnebago,City,261,Neenah,71261,19,Wards 5 - 8,8,96,55,105,13,0
16-Feb-10,SPRING,PRIMARY,CIRCUIT,"Winnebago County Circuit Court, Branch 5",6,19,55,2,71,Winnebago,City,261,Neenah,71261,20,Wards 9 - 12 & 30,44,171,58,256,34,0
16-Feb-10,SPRING,PRIMARY,CIRCUIT,"Winnebago County Circuit Court, Branch 5",6,19,55,2,71,Winnebago,City,261,Neenah,71261,22,"Wards 13 - 16, 27, 28, 33 & 35",11,141,59,162,27,0
16-Feb-10,SPRING,PRIMARY,CIRCUIT,"Winnebago County Circuit Court, Branch 5",6,19,55,2,71,Winnebago,City,261,Neenah,71261,24,"Wards 17 - 20, 29 & 32",9,102,38,133,14,0
16-Feb-10,SPRING,PRIMARY,CIRCUIT,"Winnebago County Circuit Court, Branch 5",6,19,55,2,71,Winnebago,City,261,Neenah,71261,25,"Wards 21 - 26, 31 & 34",19,181,71,214,30,0
16-Feb-10,SPRING,PRIMARY,CIRCUIT,"Winnebago County Circuit Court, Branch 5",6,18,53,2,71,Winnebago,City,265,Omro,71265,5,Wards 1 - 7,16,110,71,43,32,0
16-Feb-10,SPRING,PRIMARY,CIRCUIT,"Winnebago County Circuit Court, Branch 5",6,18,54,2,71,Winnebago,City,266,Oshkosh,71266,1,Ward 1,24,67,27,36,10,0
16-Feb-10,SPRING,PRIMARY,CIRCUIT,"Winnebago County Circuit Court, Branch 5",6,18,54,2,71,Winnebago,City,266,Oshkosh,71266,2,Ward 2,18,46,30,18,26,0
16-Feb-10,SPRING,PRIMARY,CIRCUIT,"Winnebago County Circuit Court, Branch 5",6,18,53,2,71,Winnebago,City,266,Oshkosh,71266,3,Ward 3,11,42,12,27,10,0
16-Feb-10,SPRING,PRIMARY,CIRCUIT,"Winnebago County Circuit Court, Branch 5",6,18,53,2,71,Winnebago,City,266,Oshkosh,71266,4,Ward 4,5,17,15,9,10,0
16-Feb-10,SPRING,PRIMARY,CIRCUIT,"Winnebago County Circuit Court, Branch 5",6,18,53,2,71,Winnebago,City,266,Oshkosh,71266,5,Ward 5,0,4,3,1,3,0
16-Feb-10,SPRING,PRIMARY,CIRCUIT,"Winnebago County Circuit Court, Branch 5",6,18,53,2,71,Winnebago,City,266,Oshkosh,71266,6,Ward 6,1,7,0,2,5,0
16-Feb-10,SPRING,PRIMARY,CIRCUIT,"Winnebago County Circuit Court, Branch 5",6,18,53,2,71,Winnebago,City,266,Oshkosh,71266,7,Ward 7,24,45,34,22,23,0
16-Feb-10,SPRING,PRIMARY,CIRCUIT,"Winnebago County Circuit Court, Branch 5",6,18,54,2,71,Winnebago,City,266,Oshkosh,71266,8,Ward 8,33,98,30,63,49,0
16-Feb-10,SPRING,PRIMARY,CIRCUIT,"Winnebago County Circuit Court, Branch 5",6,18,53,2,71,Winnebago,City,266,Oshkosh,71266,9,Ward 9,21,39,16,11,10,0
16-Feb-10,SPRING,PRIMARY,CIRCUIT,"Winnebago County Circuit Court, Branch 5",6,18,54,2,71,Winnebago,City,266,Oshkosh,71266,10,Ward 10,31,41,17,19,16,0
16-Feb-10,SPRING,PRIMARY,CIRCUIT,"Winnebago County Circuit Court, Branch 5",6,18,54,2,71,Winnebago,City,266,Oshkosh,71266,11,Ward 11,22,47,18,22,20,0
16-Feb-10,SPRING,PRIMARY,CIRCUIT,"Winnebago County Circuit Court, Branch 5",6,18,54,2,71,Winnebago,City,266,Oshkosh,71266,12,Ward 12,15,18,8,10,5,0
16-Feb-10,SPRING,PRIMARY,CIRCUIT,"Winnebago County Circuit Court, Branch 5",6,18,54,2,71,Winnebago,City,266,Oshkosh,71266,13,Ward 13,5,1,0,0,0,0
16-Feb-10,SPRING,PRIMARY,CIRCUIT,"Winnebago County Circuit Court, Branch 5",6,18,54,2,71,Winnebago,City,266,Oshkosh,71266,14,Ward 14,6,2,3,2,3,0
16-Feb-10,SPRING,PRIMARY,CIRCUIT,"Winnebago County Circuit Court, Branch 5",6,18,54,2,71,Winnebago,City,266,Oshkosh,71266,15,Ward 15,17,15,6,7,3,0
16-Feb-10,SPRING,PRIMARY,CIRCUIT,"Winnebago County Circuit Court, Branch 5",6,18,54,2,71,Winnebago,City,266,Oshkosh,71266,16,Ward 16,9,12,7,6,10,0
16-Feb-10,SPRING,PRIMARY,CIRCUIT,"Winnebago County Circuit Court, Branch 5",6,18,54,2,71,Winnebago,City,266,Oshkosh,71266,17,Ward 17,29,71,35,38,32,0
16-Feb-10,SPRING,PRIMARY,CIRCUIT,"Winnebago County Circuit Court, Branch 5",6,18,54,2,71,Winnebago,City,266,Oshkosh,71266,18,Ward 18,22,21,19,12,14,0
16-Feb-10,SPRING,PRIMARY,CIRCUIT,"Winnebago County Circuit Court, Branch 5",6,18,54,2,71,Winnebago,City,266,Oshkosh,71266,19,Ward 19,45,35,21,16,20,1
16-Feb-10,SPRING,PRIMARY,CIRCUIT,"Winnebago County Circuit Court, Branch 5",6,18,54,2,71,Winnebago,City,266,Oshkosh,71266,20,Ward 20,23,20,18,6,7,0
16-Feb-10,SPRING,PRIMARY,CIRCUIT,"Winnebago County Circuit Court, Branch 5",6,18,54,2,71,Winnebago,City,266,Oshkosh,71266,21,Ward 21,16,21,15,11,4,0
16-Feb-10,SPRING,PRIMARY,CIRCUIT,"Winnebago County Circuit Court, Branch 5",6,18,54,2,71,Winnebago,City,266,Oshkosh,71266,22,Ward 22,12,21,20,18,16,0
16-Feb-10,SPRING,PRIMARY,CIRCUIT,"Winnebago County Circuit Court, Branch 5",6,18,54,2,71,Winnebago,City,266,Oshkosh,71266,23,Ward 23,18,53,19,15,16,0
16-Feb-10,SPRING,PRIMARY,CIRCUIT,"Winnebago County Circuit Court, Branch 5",6,18,54,2,71,Winnebago,City,266,Oshkosh,71266,24,Ward 24,27,62,22,37,18,0
16-Feb-10,SPRING,PRIMARY,CIRCUIT,"Winnebago County Circuit Court, Branch 5",6,18,54,2,71,Winnebago,City,266,Oshkosh,71266,25,Ward 25,2,17,9,7,7,0
16-Feb-10,SPRING,PRIMARY,CIRCUIT,"Winnebago County Circuit Court, Branch 5",6,18,54,2,71,Winnebago,City,266,Oshkosh,71266,26,Ward 26,27,92,39,27,25,0
16-Feb-10,SPRING,PRIMARY,CIRCUIT,"Winnebago County Circuit Court, Branch 5",6,18,54,2,71,Winnebago,City,266,Oshkosh,71266,27,Ward 27,17,45,26,31,16,0
16-Feb-10,SPRING,PRIMARY,CIRCUIT,"Winnebago County Circuit Court, Branch 5",6,18,54,2,71,Winnebago,City,266,Oshkosh,71266,28,Ward 28,16,127,17,28,60,1
16-Feb-10,SPRING,PRIMARY,CIRCUIT,"Winnebago County Circuit Court, Branch 5",6,18,54,2,71,Winnebago,City,266,Oshkosh,71266,29,Ward 29,26,102,20,49,41,0
16-Feb-10,SPRING,PRIMARY,CIRCUIT,"Winnebago County Circuit Court, Branch 5",6,18,54,2,71,Winnebago,City,266,Oshkosh,71266,30,Ward 30,4,50,17,12,16,0
16-Feb-10,SPRING,PRIMARY,CIRCUIT,"Winnebago County Circuit Court, Branch 5",6,18,54,2,71,Winnebago,City,266,Oshkosh,71266,31,Ward 31,17,69,28,27,26,0
16-Feb-10,SPRING,PRIMARY,CIRCUIT,"Winnebago County Circuit Court, Branch 5",6,18,54,2,71,Winnebago,City,266,Oshkosh,71266,32,Ward 32,10,79,45,51,33,0
16-Feb-10,SPRING,PRIMARY,CIRCUIT,"Winnebago County Circuit Court, Branch 5",6,18,54,2,71,Winnebago,City,266,Oshkosh,71266,33,Ward 33,21,64,31,23,36,0
16-Feb-10,SPRING,PRIMARY,CIRCUIT,"Winnebago County Circuit Court, Branch 5",6,18,53,2,71,Winnebago,City,266,Oshkosh,71266,34,Ward 34,0,3,1,0,1,0
16-Feb-10,SPRING,PRIMARY,CIRCUIT,"Winnebago County Circuit Court, Branch 5",6,18,53,2,71,Winnebago,City,266,Oshkosh,71266,35,Ward 35,3,6,8,4,2,0
16-Feb-10,SPRING,PRIMARY,CIRCUIT,"Winnebago County Circuit Court, Branch 5",6,18,53,2,71,Winnebago,City,266,Oshkosh,71266,36,Ward 36,0,0,0,0,0,0
16-Feb-10,SPRING,PRIMARY,CIRCUIT,"Winnebago County Circuit Court, Branch 5",6,18,53,2,71,Winnebago,City,266,Oshkosh,71266,42,Ward 37,0,0,0,0,0,0
16-Feb-10,SPRING,PRIMARY,CIRCUIT,"Winnebago County Circuit Court, Branch 5",6,18,53,2,71,Winnebago,City,266,Oshkosh,71266,43,Ward 38,0,0,0,0,0,0
16-Feb-10,SPRING,PRIMARY,CIRCUIT,"Winnebago County Circuit Court, Branch 5",6,18,53,2,71,Winnebago,City,266,Oshkosh,71266,44,Ward 39,2,4,3,1,3,0
16-Feb-10,SPRING,PRIMARY,CIRCUIT,"Winnebago County Circuit Court, Branch 5",6,18,53,2,71,Winnebago,City,266,Oshkosh,71266,45,Ward 40,0,0,0,0,0,0
16-Feb-10,SPRING,PRIMARY,CIRCUIT,"Winnebago County Circuit Court, Branch 5",6,18,53,2,71,Winnebago,City,266,Oshkosh,71266,46,Ward 41,0,0,0,0,0,0
 , , , , , , , , , , , , , , , ,TOTAL,971,3641,1526,2671,1238,5